Collection,Name
0x2bbd787c23b62ecb0173d850cc406e4d2a03b02c,0xUniverse
0xf556faf23fc2feefa33ee6db2d1ee4c70e534513,0xUniverse
0x48d43e82831a5667658176c5c818ad539119e4e4,2099 Genesis Bag
0x49fcf492b28944627552e81423db4565ce64804d,2DAO Astronaut
0x8ef88e4c7cfbbac1c163f7eddd4b578792201de6,Algebra Positions NFT-V1
0x97c1764c62d02456be4335efc16587143e2635e7,Anglerfish
0x92be2a9c37c323df2a4ee4738edd62154ea97bf7,Avatar
0xf70e3feb340266b08b873e29017a54413897aa1c,BAYC x Nike NFT
0xf47277d5521391e9ca8a019e16c449a887a34bc1,big head
0x72b2c16baa31413dfac4c10fe8d939cefe41e76a,Blockparty Platform
0xf5fe4dd3b4f19bfc44062c2dbcc1766965e90040,BOBO MEMBER CLUB
0x205db223b4d2a1e1e21bd6c530e5e73215aad303,Bored Robots Club
0x3cc2e733b5369abec9e24cb031704233a8ec5fe2,BoredMadApes
0x624e4fa6980afcf8ea27bfe08e2fb5979b64df1c,Bumpkin
0x7223378d975d1aa6e47e8f302699a437135ecb78,Chess Universe Guardians
0x3c2499f0d5d131ce2a03f7837f18d65aebf32f5f,Chinese Historical Figures
0x6c15030a0055d7350c89ebbd460eb4f145462fbd,Clones Never Die V2
0x1fdf97e5bee48893eef28116973ca81166e4ec02,Collab.Land Genesis Membership NFT
0x9c25ee0f938122a504be82189536df74687858e4,Cometh Items
0x9754d2ad494482088bb2c5bf9043f57170f791f2,Cosmo Hamsters
0xf3892ecb9802c4bd13a123d9d1041654583915e1,Crypto DragonKing
0x098e1bc661398ed6858626ba5750e56ce03f9072,cryptokhat
0xb70b8191f47e82e5d22b0a6224e0f11eb2e276df,CryptoSpells
0xb5e200d739bc792e273b2beb6dea9fd918ede79b,Cupid Love Metaverse
0x9219a0da8e43bf1a1c3ea916ded72fdcc61207be,Cupid Love Rose
0xeffb3f7a080476b39d39701dafad890762124ded,D&#39;Ville Student Card
0xbedf7769720481f03a5b4927a1d51c738cf20fdf,DVI 721
0x72106bbe2b447ecb9b52370ddc63cfa8e553b08c,Elegant Ocean Racers
0xfcd60b2d8acbc3869cbe1ddcda60d0a92da2d4cb,ELF
0xbdc91993cc370eed38e59cd1c68b6d2f88508ce2,Fast Food Wolf Game
0x143a0fee7316dc41e0f01e28725b5655763ce54f,Female Pink Dolls
0x81e62f370329f4cc84e2c381ba6ef61705085251,FIRST INTERNATIONAL MEDAL EDITION
0x8e2f2b819504f5b41fe56ae69595a6f5f794c1c9,FoxesClub
0x6c97ef47d60b35f858ad04c4b4f649747e00a417,Galxe Holiday 202
0x5d666f215a85b87cb042d59662a7ecd2c8cc44e6,Galxe OAT
0x1871464f087db27823cff66aa88599aa4815ae95,Galaxy OAT
0x506fa80b8ab544eed5429b269bf0dcc93dd44441,GeckoCon 2022
0xc7a096b4c6610ba3a836070333ff7922b9866a36,GensoKishiOnline
0x43265cd74da0aba9361e6538de975c0dffc47944,GHArt-Honor Of Gods
0x0cedf6129f9a20109f0e0f043c1e01590a2d6ca6,GN Ape House
0xba593eb3ab67cdc48c4f0391be92818ba4c1a2e5,GPTAI
0xd9bd0a41aa6fadc0e9ea5eabc4d816c2ac277ce7,InWriting
0x529d06c11ab3260a78de4748039155f71c473f79,Knights
0x2b1c7b41f6a8f2b2bc45c3233a5d5fb3cd6dc9a8,KyberSwap v2 NFT Positions Manager
0xe63b8e3fc67af4afa4022e2b28e3d7761ac8f74f,Langkah Sheraton
0x4d544035500d7ac1b42329c70eb58e77f8249f0f,League of Kingdoms
0xc93c53de60d1a28df01e41f5bc04619039d2ef4f,League of Kingdoms Skin
0x84838b00b20ae8602d07944957ce93536a246e54,Metal Primitives
0x712382cabba567554e506c7ccff28c129b37501a,Minereum World Metaverse
0x3585e97e16d5c5b2d760e0b5cd207679e26c668f,minimalist
0x4e75034960c924e8a85747e375378c49dda17464,Mission Bring ZETA Home
0x2ad64e95eff639fbd0273bcd4d0eeb72a60c8586,MobsKeys
0x810520752b6e09f97ab3f93e1dd55e3eb1cde449,Monkey NFT
0x37a310401d58c9545da86ff66aa953bae6fb6272,Muzzle Run
0x89612559086c6a6c298603142091a4633c4b3e33,mycharacter.ai
0x77bd275ff2b3dc007475aac9ce7f408f5a800188,MyCryptoHeroes:Extension
0x7227e371540cf7b8e512544ba6871472031f3335,Neon District Season One Item
0x828383b51514873cc937ee83f57fbbff0221700c,NextEarth
0xb70667c5197130fb1412c7e4c64c92758a98fec6,NFT Delivery System
0x41471dbdb78bbbe9ffde673055ba299bf414b366,NFT SKY
0x7aa880128199c295648a6ae6aa62c3a4b5579a3a,Not Cute Pets
0x5f13b2e85803224c68cbca65edff6ad3f3126146,nvincible Party Ape Yacht Club
0x920818824ac3230826cc9a21437b5075465b8f7b,Official_Tough_Teddez
0x22caf915cf03160aa319934d1325047d8293d210,ONEPIECES
0xd5a45df58d502b76b9efc520f1ec55f418f43cf9,Pegaxy|Ticket
0x819c052b422a703bf645e97dd73680ce5285ad1b,Pi Badge
0x53fe4d1ab48363f1bff8bfb5d96148e738f4ed6b,Pi NFT 2.0
0xb2435253c71fca27be41206eb2793e44e1df6b6d,PlanetIX
0x8494d2ed08c85a6b9014fb298f4373f2e5911b87,PLAYZ Token
0xc58c5a1c29fcc53e3041d5f889dea9ce683b3a3c,PLAYZ Token V2
0x4e72439d00f0031bd88447e5505597e4de86407a,Playermon NFT
0x70ae45f70983e2f7ea95328bc6740c7e03f00eaf,PolyFriendsClub
0x419e82d502f598ca63d821d3bbd8dfefaf9bbc8d,Polygon Ape Yacht Club
0x4b829939d7ed3738ce8bffe9e92e8194b6ce17c8,Polygon Punks
0xde2a32e5363d01a89e3624442f8f5c43f38fc53a,Polygon Warrior
0x6b9c03c07e0d665fbd24dc47a22abe4f34ad27d7,Private NFT Market V1
0x9498274b8c82b4a3127d67839f2127f2ae9753f4,PolygonPunks
0x9af0a33b1ec0518b085c73da984286348f0baeb7,Pot Heads
0xa96fbafdb408e4ecf9fe4d29d781d08eedd0a6c1,Primordial Primitives
0x35f8aee672cde8e5fd09c93d2bfe4ff5a9cf0756,Rarible
0x57a8a48f72a1d463957b8a183950252daab1421b,REKT DOMAIN
0xace8187b113a38f83bd9c896c6878b175c234dcc,RektDogs
0x18b50e067738fe40b95354bb1757dea436479174,Relief Token
0x283b69f39b6bab1f0a4f3d4a77ac9f80dc1907d0,robot buddy
0xbf1f7bf6b6d2f6fb6c5c9be7a7372998e4358afd,SadApeYachtClub
0x4d9d3de2e39a91aeb0e2c35b28cdb22767c48cdb,Seahorse Medals
0x647a263ecb8aab53ee2a1fb4a96af426c5e9d9ba,Shatterpoint
0xbacec3a303a260d44263cc0dbc5d3441a89444d0,Simpol NFT
0xbac7e3182bb6691f180ef91f7ae4530abb3dc08d,SmurfTickets
0x6d29cf9cf659dbbe9e03c512975501480cb895a2,South Park Art
0xbf55265e7c2cb77d64c791430c759069620d5a21,StackOS NFT 1
0xb65e58d28f2c2bc8ffe6df20141301c8c87e792c,StackOS NFT 2
0xcc1879ebd66bd2a2937a1602f29645843d5d66de,StackOS NFT 6
0x8fbeee065d7f626f771a7dd2120cf831639e469f,StackOS NFT 7
0x80a44a37b9198f5fa5c2f4ef2748cf109a288174,StackOS NFT Genesis
0xfa4bf42b9129da1fed0d09916dd2f47a9805f699,STAMPSDAQ-Stamp
0x2b4a66557a79263275826ad31a4cddc2789334bd,Sunflower Land
0xa4cc319b5c6551cfb6c42ff21fe3c29708731292,TANU
0x323dccb569c3a0dfbf13656c354e4b7a0c78b55f,Test Cattle Box
0xc47cc23da703f31314f22df1df9cde203f184e74,Timeout Origin
0x3faa2db1c3f58ff67484b4656f187b7b157f4ce7,TimeVerse
0x6fe10969d04cd771af13d42bf4ba3f201582f17f,The Fluffle Official
0x45b8daed57e67d14938032052115508111f9a52a,The Jinx
0x09aa1a14e572e6fc05f64e541699d3e0361c7f2f,The Mars - Martians
0xce8a6e03e6996f259191a18c4e2aa398319b04e9,The Wolfpack Finance
0x1b6e08f877f8e10550070cedd4cfa45c79cf6572,TheManAndTheBoxz
0x008f01a0a0f6174432c4581f71701af13f3519ac,three legged cat
0x8309f6e8f6827010bf6ccb2e61118016ff672477,Tough Teddez V1
0x52126f4f8c01f5c222353cb0ac59135b270b5fcf,ToughTeddezNFTV3
0xf28355d73cb46216bdf4895e16a11f43e272ef73,TRACERSHOE
0x7546d34fc15b25471072493e25150e0a8901cd52,Underground Mikey
0xed55e4477b795eaa9bb4bca24df42214e1a05c18,Unioverse Collectibles
0xc36442b4a4522e871399cd717abdd847ab11fe88,Uniswap V3 Positions NFT-V1
0xa9a6a3626993d487d2dbda3173cf58ca1a9d9e9f,Unstoppable Domains
0xb98458c3bdf3dae9c25cbd2e80311d635d8e87d4,We
0x68f809acb313ca01e1dc36fb484ecd95a5f19dc9,Weary Ape Yacht Club
0xcb23f98403f6ab63df54a82c71efbd115c477a3c,XSigma NFT
0x035d0af79dc0bdfd35c435dff43cf1cefef0d4f1,Waifumons
0xc1f35a15fbd1a8518a6bc4b24561a3be87f9123f,YogaAl
0xa5f1ea7df861952863df2e8d1312f7305dabf215,ZED Horse
